document_id,document_type,document_title,version,effective_date,approval_status,owner_department
DOC-00001,QUALITY_MANUAL,Operative logistical open system Procedure,1.3,2025-01-04,APPROVED,QUALITY_ASSURANCE
DOC-00002,CALIBRATION_CERTIFICATE,Centralized next generation Local Area Network Procedure,5.0,2026-07-23,OBSOLETE,REGULATORY_AFFAIRS
DOC-00003,CALIBRATION_CERTIFICATE,Synergistic fault-tolerant success Procedure,1.6,2026-01-01,APPROVED,MANUFACTURING
DOC-00004,QUALITY_MANUAL,Ameliorated hybrid extranet Procedure,2.3,2026-05-22,APPROVED,LABORATORY
DOC-00005,WORK_INSTRUCTION,Adaptive value-added data-warehouse Procedure,6.6,2024-12-23,PENDING_APPROVAL,MANUFACTURING
DOC-00006,SOP,Reduced asynchronous analyzer Procedure,6.8,2025-12-26,DRAFT,MANUFACTURING
DOC-00007,QUALITY_MANUAL,Optimized grid-enabled standardization Procedure,6.2,2025-03-09,SIGNED_OFF,MANUFACTURING
DOC-00008,SOP,Cloned needs-based approach Procedure,3.3,2024-12-29,APPROVED,MANUFACTURING
DOC-00009,WORK_INSTRUCTION,Cloned methodical alliance Procedure,1.0,2025-11-07,APPROVED,REGULATORY_AFFAIRS
DOC-00010,WORK_INSTRUCTION,Horizontal incremental contingency Procedure,2.5,2025-10-19,APPROVED,REGULATORY_AFFAIRS
DOC-00011,CALIBRATION_CERTIFICATE,Visionary client-driven throughput Procedure,6.0,2025-12-31,APPROVED,LABORATORY
DOC-00012,TEST_PROTOCOL,Stand-alone upward-trending project Procedure,3.6,2024-12-18,APPROVED,MANUFACTURING
DOC-00013,WORK_INSTRUCTION,Operative holistic implementation Procedure,1.0,2025-07-21,PENDING_APPROVAL,QUALITY_ASSURANCE
DOC-00014,WORK_INSTRUCTION,Organized homogeneous implementation Procedure,3.7,2026-07-05,DRAFT,LABORATORY
DOC-00015,WORK_INSTRUCTION,Configurable systemic protocol Procedure,3.7,2026-05-11,APPROVED,LABORATORY
DOC-00016,SOP,Quality-focused client-driven projection Procedure,6.0,2025-08-05,APPROVED,MANUFACTURING
DOC-00017,TEST_PROTOCOL,Monitored bottom-line conglomeration Procedure,6.9,invalid-date,APPROVED,LABORATORY
DOC-00018,WORK_INSTRUCTION,Public-key hybrid moderator Procedure,5.6,2025-04-28,DRAFT,QUALITY_ASSURANCE
DOC-00019,QUALITY_MANUAL,De-engineered upward-trending definition Procedure,1.0,2024-12-14,APPROVED,MANUFACTURING
DOC-00020,SOP,Adaptive web-enabled adapter Procedure,1.8,2025-03-13,DRAFT,LABORATORY
DOC-00021,WORK_INSTRUCTION,Innovative maximized service-desk Procedure,5.2,2025-07-02,DRAFT,QUALITY_ASSURANCE
DOC-00022,QUALITY_MANUAL,Up-sized needs-based interface Procedure,6.4,2025-01-05,APPROVED,LABORATORY
DOC-00023,SOP,Public-key homogeneous emulation Procedure,4.1,2025-09-06,APPROVED,REGULATORY_AFFAIRS
DOC-00024,QUALITY_MANUAL,Fully-configurable logistical hardware Procedure,1.2,2025-10-31,APPROVED,LABORATORY
DOC-00025,TEST_PROTOCOL,Distributed even-keeled core Procedure,1.9,2026-08-11,PENDING_APPROVAL,QUALITY_ASSURANCE
DOC-00026,CALIBRATION_CERTIFICATE,Up-sized well-modulated budgetary management Procedure,4.8,2026-08-08,APPROVED,QUALITY_ASSURANCE
DOC-00027,QUALITY_MANUAL,Automated stable instruction set Procedure,4.8,2025-02-13,APPROVED,REGULATORY_AFFAIRS
DOC-00028,WORK_INSTRUCTION,Seamless zero administration adapter Procedure,2.0,2025-10-12,APPROVED,MANUFACTURING
DOC-00029,SOP,Front-line demand-driven architecture Procedure,5.7,2026-04-05,APPROVED,LABORATORY
DOC-00030,TEST_PROTOCOL,Cross-platform radical alliance Procedure,6.4,2025-07-04,PENDING_APPROVAL,QUALITY_ASSURANCE
DOC-00031,QUALITY_MANUAL,Organized radical service-desk Procedure,2.4,2025-02-19,APPROVED,QUALITY_ASSURANCE
DOC-00032,TEST_PROTOCOL,Triple-buffered actuating encryption Procedure,2.4,2026-06-13,APPROVED,QUALITY_ASSURANCE
DOC-00033,WORK_INSTRUCTION,User-centric 6thgeneration initiative Procedure,5.1,2026-06-16,PENDING_APPROVAL,QUALITY_ASSURANCE
DOC-00034,QUALITY_MANUAL,Organic discrete moratorium Procedure,3.5,2026-06-23,APPROVED,QUALITY_ASSURANCE
DOC-00035,TEST_PROTOCOL,Extended web-enabled time-frame Procedure,6.2,2026-08-20,PENDING_APPROVAL,REGULATORY_AFFAIRS
DOC-00036,SOP,Centralized client-driven middleware Procedure,6.0,2026-05-16,APPROVED,LABORATORY
DOC-00037,TEST_PROTOCOL,Implemented discrete superstructure Procedure,2.4,2025-04-09,DRAFT,QUALITY_ASSURANCE
DOC-00038,QUALITY_MANUAL,Re-engineered foreground orchestration Procedure,1.6,2026-03-01,DRAFT,LABORATORY
DOC-00039,QUALITY_MANUAL,Right-sized zero administration service-desk Procedure,2.7,2026-05-31,APPROVED,MANUFACTURING
DOC-00040,QUALITY_MANUAL,Inverse disintermediate framework Procedure,6.6,2025-07-26,APPROVED,MANUFACTURING
DOC-00041,CALIBRATION_CERTIFICATE,Digitized stable model Procedure,3.2,2025-11-27,APPROVED,REGULATORY_AFFAIRS
DOC-00042,CALIBRATION_CERTIFICATE,Face-to-face incremental framework Procedure,2.2,2024-12-01,APPROVED,MANUFACTURING
DOC-00043,WORK_INSTRUCTION,Grass-roots analyzing open architecture Procedure,6.4,2026-04-03,APPROVED,QUALITY_ASSURANCE
DOC-00044,WORK_INSTRUCTION,Reverse-engineered user-facing conglomeration Procedure,4.9,2025-07-11,APPROVED,MANUFACTURING
DOC-00045,CALIBRATION_CERTIFICATE,Self-enabling systematic interface Procedure,2.7,2024-11-07,APPROVED,REGULATORY_AFFAIRS
DOC-00046,WORK_INSTRUCTION,Realigned modular application Procedure,6.0,2024-12-08,DRAFT,QUALITY_ASSURANCE
DOC-00047,SOP,Monitored secondary secured line Procedure,1.0,2025-09-18,APPROVED,MANUFACTURING
DOC-00048,TEST_PROTOCOL,Multi-tiered zero tolerance moderator Procedure,2.9,2025-05-09,OBSOLETE,QUALITY_ASSURANCE
DOC-00049,SOP,Intuitive tangible instruction set Procedure,5.5,2024-09-06,PENDING_APPROVAL,QUALITY_ASSURANCE
DOC-00050,QUALITY_MANUAL,Open-source coherent framework Procedure,4.2,2025-03-23,APPROVED,LABORATORY
DOC-00051,WORK_INSTRUCTION,Multi-tiered contextually-based system engine Procedure,1.8,2025-08-02,APPROVED,LABORATORY
DOC-00052,SOP,Public-key methodical encoding Procedure,1.1,2026-06-01,APPROVED,LABORATORY
DOC-00053,CALIBRATION_CERTIFICATE,Face-to-face exuding strategy Procedure,2.0,2024-12-11,APPROVED,MANUFACTURING
DOC-00054,CALIBRATION_CERTIFICATE,Digitized maximized approach Procedure,2.5,2024-09-21,APPROVED,LABORATORY
DOC-00055,CALIBRATION_CERTIFICATE,Realigned incremental instruction set Procedure,6.1,2025-04-16,PENDING_APPROVAL,REGULATORY_AFFAIRS
DOC-00056,WORK_INSTRUCTION,Realigned multi-tasking challenge Procedure,1.4,2025-02-17,PENDING_APPROVAL,LABORATORY
DOC-00057,SOP,Networked dynamic extranet Procedure,3.1,2024-11-14,APPROVED,QUALITY_ASSURANCE
DOC-00058,CALIBRATION_CERTIFICATE,Expanded full-range project Procedure,5.5,2026-05-09,APPROVED,MANUFACTURING
DOC-00059,TEST_PROTOCOL,Configurable local hub Procedure,5.4,2026-07-24,APPROVED,LABORATORY
DOC-00060,CALIBRATION_CERTIFICATE,Cross-group national success Procedure,6.5,2024-12-12,APPROVED,LABORATORY
DOC-00061,SOP,Ergonomic actuating flexibility Procedure,2.2,2026-08-26,OBSOLETE,LABORATORY
DOC-00062,CALIBRATION_CERTIFICATE,Multi-tiered systematic portal Procedure,1.1,2025-01-26,APPROVED,REGULATORY_AFFAIRS
DOC-00063,TEST_PROTOCOL,Robust 6thgeneration archive Procedure,2.2,2025-06-09,APPROVED,REGULATORY_AFFAIRS
DOC-00064,CALIBRATION_CERTIFICATE,Ergonomic well-modulated parallelism Procedure,4.6,2025-08-24,APPROVED,LABORATORY
DOC-00065,WORK_INSTRUCTION,Up-sized static open architecture Procedure,4.6,2025-01-16,OBSOLETE,REGULATORY_AFFAIRS
DOC-00066,QUALITY_MANUAL,Extended mission-critical database Procedure,5.3,2026-03-02,APPROVED,REGULATORY_AFFAIRS
DOC-00067,CALIBRATION_CERTIFICATE,Managed exuding access Procedure,5.9,2024-11-21,APPROVED,MANUFACTURING
DOC-00068,TEST_PROTOCOL,Extended content-based support Procedure,1.3,2026-08-17,APPROVED,QUALITY_ASSURANCE
DOC-00069,WORK_INSTRUCTION,Decentralized value-added system engine Procedure,1.0,2025-09-03,APPROVED,LABORATORY
DOC-00070,WORK_INSTRUCTION,Polarized dynamic standardization Procedure,3.7,2025-09-01,OBSOLETE,MANUFACTURING
DOC-00071,CALIBRATION_CERTIFICATE,Robust tertiary database Procedure,2.3,2026-03-15,PENDING_APPROVAL,MANUFACTURING
DOC-00072,SOP,Object-based disintermediate neural-net Procedure,6.2,2024-10-24,DRAFT,REGULATORY_AFFAIRS
DOC-00073,CALIBRATION_CERTIFICATE,Inverse zero-defect forecast Procedure,3.0,2024-09-23,DRAFT,QUALITY_ASSURANCE
DOC-00074,CALIBRATION_CERTIFICATE,Multi-tiered maximized monitoring Procedure,5.2,2026-07-07,APPROVED,QUALITY_ASSURANCE
DOC-00075,SOP,Streamlined heuristic function Procedure,2.1,2025-01-25,APPROVED,QUALITY_ASSURANCE
DOC-00076,CALIBRATION_CERTIFICATE,Fundamental high-level migration Procedure,2.2,2026-04-02,OBSOLETE,REGULATORY_AFFAIRS
DOC-00077,TEST_PROTOCOL,Proactive maximized attitude Procedure,4.6,2025-01-18,DRAFT,LABORATORY
DOC-00078,SOP,Up-sized methodical task-force Procedure,3.1,2025-11-25,OBSOLETE,MANUFACTURING
DOC-00079,SOP,Intuitive demand-driven hub Procedure,5.2,2024-10-28,PENDING_APPROVAL,MANUFACTURING
DOC-00080,CALIBRATION_CERTIFICATE,Intuitive incremental analyzer Procedure,6.7,2024-09-08,APPROVED,LABORATORY
DOC-00081,WORK_INSTRUCTION,Re-contextualized directional support Procedure,4.2,2026-04-05,APPROVED,LABORATORY
DOC-00082,WORK_INSTRUCTION,Digitized 3rdgeneration firmware Procedure,6.3,2024-11-30,APPROVED,REGULATORY_AFFAIRS
DOC-00083,CALIBRATION_CERTIFICATE,Reactive optimal paradigm Procedure,2.8,2026-05-23,APPROVED,QUALITY_ASSURANCE
DOC-00084,TEST_PROTOCOL,Up-sized intangible frame Procedure,6.6,2026-08-07,APPROVED,REGULATORY_AFFAIRS
DOC-00085,TEST_PROTOCOL,Distributed dedicated groupware Procedure,6.6,2025-02-12,APPROVED,MANUFACTURING
DOC-00086,SOP,Focused homogeneous open system Procedure,3.9,2025-05-31,APPROVED,LABORATORY
DOC-00087,WORK_INSTRUCTION,Fully-configurable modular neural-net Procedure,5.1,2024-09-25,APPROVED,QUALITY_ASSURANCE
DOC-00088,TEST_PROTOCOL,Streamlined systemic Graphical User Interface Procedure,2.8,2025-04-01,APPROVED,MANUFACTURING
DOC-00089,WORK_INSTRUCTION,Function-based well-modulated matrix Procedure,3.1,2026-06-12,PENDING_APPROVAL,QUALITY_ASSURANCE
DOC-00090,CALIBRATION_CERTIFICATE,Up-sized secondary support Procedure,1.0,2026-03-28,PENDING_APPROVAL,LABORATORY
DOC-00091,SOP,Pre-emptive logistical concept Procedure,3.4,2024-12-01,PENDING_APPROVAL,REGULATORY_AFFAIRS
DOC-00092,CALIBRATION_CERTIFICATE,Upgradable heuristic concept Procedure,6.5,2026-01-22,APPROVED,MANUFACTURING
DOC-00093,TEST_PROTOCOL,Devolved uniform moratorium Procedure,4.8,2026-08-17,DRAFT,QUALITY_ASSURANCE
DOC-00094,WORK_INSTRUCTION,Pre-emptive contextually-based moratorium Procedure,1.9,2026-01-24,OBSOLETE,REGULATORY_AFFAIRS
DOC-00095,SOP,Stand-alone analyzing moderator Procedure,3.2,2025-12-29,APPROVED,MANUFACTURING
DOC-00096,SOP,Automated asynchronous secured line Procedure,6.3,2026-07-27,APPROVED,MANUFACTURING
DOC-00097,WORK_INSTRUCTION,Business-focused well-modulated ability Procedure,5.8,2026-07-26,DRAFT,LABORATORY
DOC-00098,TEST_PROTOCOL,Open-source client-driven product Procedure,3.5,2025-11-29,OBSOLETE,REGULATORY_AFFAIRS
DOC-00099,CALIBRATION_CERTIFICATE,Focused asymmetric strategy Procedure,2.3,2024-10-07,PENDING_APPROVAL,QUALITY_ASSURANCE
DOC-00100,CALIBRATION_CERTIFICATE,Distributed 24/7 data-warehouse Procedure,1.0,2025-01-31,APPROVED,MANUFACTURING
